Rohini,joshi,joshi@gmail.com,rohini1223124,rohini@12345,06-08-2018,,
renuka,kamkhedkar,joshi@gmail.com,rohini1223124,renuka@35556,06-08-2018,"local,dhole patil road,pune,maha,india,411001","permanent,janwal,latur,maha,india,413529"
palak,sharma,palak@gmail.com,palak1223124,rohini@12345,06-08-2018,"local,dhole patil road,pune,maha,india,411001","permanent,janwal,latur,maha,india,413529"
vanshika ,khare,khare@gmail.com,vanshika1223124,khare@3444,06-08-2018,"local,dhole patil road,pune,maha,india,411001","permanent,janwal,latur,maha,india,413529"
Rohan,Bhagwat,rohan@gmail.com,rohan1223124,rohan@12334,06-08-2018,"local,dhole patil road,pune,maha,india,411001","permanent,janwal,latur,maha,india,413529"
